angle,receiverx,time_delay
-70.03088217356546,-16035.326451009289,0.0038894437257332164
-70.03088217356546,-14615.575819988273,-0.009654430153053329
-70.03088217356546,-13334.787128473823,-0.00997773940886913
-70.03088217356546,-12161.812404945887,-0.005875147982788363
-70.03088217356546,-11074.444095836221,0.00023655732562980004
-70.03088217356546,-10056.248874561099,0.0004990775030693528
-70.03088217356546,-9094.684894328622,-0.003059279674614179
-70.03088217356546,-8179.924027017655,0.005386988803676778
-70.03088217356546,-7304.083533942523,0.014086555276408548
-70.03088217356546,-6460.706643257664,-0.0018101577804941296
-70.03088217356546,-5644.400304639972,0.0038053497856675284
-70.03088217356546,-4850.575394016621,-0.006347867250903126
-70.03088217356546,-4075.2554716597033,0.0037314866566507737
-70.03088217356546,-3314.932386176364,0.0022801341594657592
-70.03088217356546,-2566.4543865098526,0.021508705981208198
-70.03088217356546,-1826.9369810618202,-0.008855980875940826
-70.03088217356546,-1093.6896837625404,0.016173030769993373
-70.03088217356546,-364.15364551603017,-0.011105820981794029
-70.03088217356546,364.15364551602863,-0.004722047173791301
-70.03088217356546,1093.689683762539,0.0055171407183777135
-70.03088217356546,1826.9369810618202,0.008978533732697476
-70.03088217356546,2566.4543865098526,-0.011144454822547665
-70.03088217356546,3314.932386176364,0.019225305689535743
-70.03088217356546,4075.255471659702,0.009733933272015154
-70.03088217356546,4850.57539401662,-0.022646990922589295
-70.03088217356546,5644.400304639972,0.007344991012969716
-70.03088217356546,6460.706643257664,0.0011111581601317049
-70.03088217356546,7304.083533942523,-0.00041410762014920796
-70.03088217356546,8179.924027017652,0.008302873233431995
-70.03088217356546,9094.684894328619,-0.0024360813675009343
-70.03088217356546,10056.248874561099,-0.0003674432804212165
-70.03088217356546,11074.444095836221,0.0015117545656841425
-70.03088217356546,12161.812404945887,-0.026737025820138427
-70.03088217356546,13334.78712847382,-0.0019674000305134796
-70.03088217356546,14615.57581998827,0.015163477585323486
-70.03088217356546,16035.326451009285,0.025531730249532356
-70.03088217356546,17639.797753420946,0.031938861475340766
-70.03088217356546,19500.36812385895,0.04436835787216221
-68.77959126383546,-16035.326451009289,0.007881072311538572
-68.77959126383546,-14615.575819988273,0.009011045624126378
-68.77959126383546,-13334.787128473823,0.00378860760059566
-68.77959126383546,-12161.812404945887,0.011047417222260391
-68.77959126383546,-11074.444095836221,-0.004231851355649275
-68.77959126383546,-10056.248874561099,-0.0032702487996314165
-68.77959126383546,-9094.684894328622,-0.0007953474307379573
-68.77959126383546,-8179.924027017655,-0.0045086870209701925
-68.77959126383546,-7304.083533942523,0.0034806609609107876
-68.77959126383546,-6460.706643257664,-0.016329118223672286
-68.77959126383546,-5644.400304639972,-0.005973797144001342
-68.77959126383546,-4850.575394016621,-0.007397851558302469
-68.77959126383546,-4075.2554716597033,-0.0030233160880582203
-68.77959126383546,-3314.932386176364,0.002894845075843513
-68.77959126383546,-2566.4543865098526,-0.005608688324238111
-68.77959126383546,-1826.9369810618202,0.01051813791819213
-68.77959126383546,-1093.6896837625404,-0.0018665857536118422
-68.77959126383546,-364.15364551603017,0.005017292415971639
-68.77959126383546,364.15364551602863,-0.010713653040431604
-68.77959126383546,1093.689683762539,-0.0015930596328338606
-68.77959126383546,1826.9369810618202,-0.022232216143115286
-68.77959126383546,2566.4543865098526,0.004138265373178443
-68.77959126383546,3314.932386176364,-0.004354948604183329
-68.77959126383546,4075.255471659702,0.006344233656918991
-68.77959126383546,4850.57539401662,-0.004800642348776947
-68.77959126383546,5644.400304639972,0.005820682351373725
-68.77959126383546,6460.706643257664,0.00360826472814423
-68.77959126383546,7304.083533942523,-0.0039799261000077945
-68.77959126383546,8179.924027017652,0.005257485157555524
-68.77959126383546,9094.684894328619,0.014077016351671585
-68.77959126383546,10056.248874561099,0.008832172616181955
-68.77959126383546,11074.444095836221,0.01427377675884396
-68.77959126383546,12161.812404945887,-0.02026140212195095
-68.77959126383546,13334.78712847382,0.02700642726779549
-68.77959126383546,14615.57581998827,0.04480511423629597
-68.77959126383546,16035.326451009285,0.02708963564088681
-68.77959126383546,17639.797753420946,0.01318050266205278
-68.77959126383546,19500.36812385895,0.04603808341310858
-58.8581813936543,-16035.326451009289,0.0051537425929368275
-58.8581813936543,-14615.575819988273,-0.0057059764516874745
-58.8581813936543,-13334.787128473823,0.007695029845515642
-58.8581813936543,-12161.812404945887,0.012176032318851686
-58.8581813936543,-11074.444095836221,-0.002337219993227578
-58.8581813936543,-10056.248874561099,-0.0012028885962335751
-58.8581813936543,-9094.684894328622,-0.00647876689119275
-58.8581813936543,-8179.924027017655,0.01860486053729659
-58.8581813936543,-7304.083533942523,-0.01921811866899907
-58.8581813936543,-6460.706643257664,-0.006243090606810066
-58.8581813936543,-5644.400304639972,0.014664822385806747
-58.8581813936543,-4850.575394016621,-0.010811114568522231
-58.8581813936543,-4075.2554716597033,-0.016458590637600117
-58.8581813936543,-3314.932386176364,-0.0015020421652088161
-58.8581813936543,-2566.4543865098526,0.0011674739222664937
-58.8581813936543,-1826.9369810618202,0.009650973966101218
-58.8581813936543,-1093.6896837625404,-0.014132449282440585
-58.8581813936543,-364.15364551603017,0.010844479522409566
-58.8581813936543,364.15364551602863,0.010192869499459868
-58.8581813936543,1093.689683762539,-0.005627034921482912
-58.8581813936543,1826.9369810618202,0.0018032589429173031
-58.8581813936543,2566.4543865098526,-0.02357926069216134
-58.8581813936543,3314.932386176364,0.003324263511642886
-58.8581813936543,4075.255471659702,-0.007065813604481007
-58.8581813936543,4850.57539401662,0.0033307008019936865
-58.8581813936543,5644.400304639972,0.003469089151115001
-58.8581813936543,6460.706643257664,-0.01604149197275783
-58.8581813936543,7304.083533942523,0.006776122223457753
-58.8581813936543,8179.924027017652,0.017779256711894363
-58.8581813936543,9094.684894328619,0.023307318717336205
-58.8581813936543,10056.248874561099,0.02025826931139542
-58.8581813936543,11074.444095836221,0.03221656961573595
-58.8581813936543,12161.812404945887,0.030408508118627074
-58.8581813936543,13334.78712847382,0.053229949776104124
-58.8581813936543,14615.57581998827,0.07990673691900613
-58.8581813936543,16035.326451009285,0.11185759037842151
-58.8581813936543,17639.797753420946,0.13136723053311897
-58.8581813936543,19500.36812385895,0.14233512160435163
-55.59591727482012,-16035.326451009289,-0.004175519712776494
-55.59591727482012,-14615.575819988273,0.0023913782694079838
-55.59591727482012,-13334.787128473823,0.01567272063252167
-55.59591727482012,-12161.812404945887,-0.001968207154458652
-55.59591727482012,-11074.444095836221,-0.007362230556597076
-55.59591727482012,-10056.248874561099,-0.002185485150066893
-55.59591727482012,-9094.684894328622,0.004314193526685469
-55.59591727482012,-8179.924027017655,-0.00847576300569134
-55.59591727482012,-7304.083533942523,0.007009115449660267
-55.59591727482012,-6460.706643257664,0.001654765587009107
-55.59591727482012,-5644.400304639972,0.0032788789066883458
-55.59591727482012,-4850.575394016621,0.0004947770553859246
-55.59591727482012,-4075.2554716597033,-0.01434062894328562
-55.59591727482012,-3314.932386176364,0.0030288723809913203
-55.59591727482012,-2566.4543865098526,0.0008481741307560108
-55.59591727482012,-1826.9369810618202,-0.0017070532805674252
-55.59591727482012,-1093.6896837625404,-0.010965142724285006
-55.59591727482012,-364.15364551603017,0.00995136697698012
-55.59591727482012,364.15364551602863,0.018731802579185965
-55.59591727482012,1093.689683762539,0.021340684497632018
-55.59591727482012,1826.9369810618202,-0.00039959434144058487
-55.59591727482012,2566.4543865098526,-0.010309044718429309
-55.59591727482012,3314.932386176364,0.01235687830086039
-55.59591727482012,4075.255471659702,-0.0024475517936344555
-55.59591727482012,4850.57539401662,-0.00943000668382726
-55.59591727482012,5644.400304639972,0.0013972941901425943
-55.59591727482012,6460.706643257664,0.03494169821472518
-55.59591727482012,7304.083533942523,0.02728817248819746
-55.59591727482012,8179.924027017652,0.02828317205338858
-55.59591727482012,9094.684894328619,0.032756302158308395
-55.59591727482012,10056.248874561099,0.025811288726404695
-55.59591727482012,11074.444095836221,0.05627566675263093
-55.59591727482012,12161.812404945887,0.07805969775273276
-55.59591727482012,13334.78712847382,0.09515253974487474
-55.59591727482012,14615.57581998827,0.1169727999971767
-55.59591727482012,16035.326451009285,0.15726714898879876
-55.59591727482012,17639.797753420946,0.16318487831475104
-55.59591727482012,19500.36812385895,0.19180083800773237
-48.8828070038324,-16035.326451009289,-0.02664398278802888
-48.8828070038324,-14615.575819988273,-0.013531469388656996
-48.8828070038324,-13334.787128473823,-0.006034855694553635
-48.8828070038324,-12161.812404945887,0.003118259077756747
-48.8828070038324,-11074.444095836221,-0.007300204202610559
-48.8828070038324,-10056.248874561099,0.005892987066314321
-48.8828070038324,-9094.684894328622,-0.008070973594483782
-48.8828070038324,-8179.924027017655,0.007628405770315235
-48.8828070038324,-7304.083533942523,0.0035595264710046055
-48.8828070038324,-6460.706643257664,0.025270102427380252
-48.8828070038324,-5644.400304639972,0.002220477780691946
-48.8828070038324,-4850.575394016621,0.003488601634874893
-48.8828070038324,-4075.2554716597033,-0.010076423115339586
-48.8828070038324,-3314.932386176364,-0.014526627548935302
-48.8828070038324,-2566.4543865098526,-1.5167423696478143e-05
-48.8828070038324,-1826.9369810618202,0.0017138114908070625
-48.8828070038324,-1093.6896837625404,-0.004658794516169715
-48.8828070038324,-364.15364551603017,0.002941500401743109
-48.8828070038324,364.15364551602863,0.0032978955342536907
-48.8828070038324,1093.689683762539,-0.0006602454752328362
-48.8828070038324,1826.9369810618202,0.008437863537205803
-48.8828070038324,2566.4543865098526,0.0026303658411122926
-48.8828070038324,3314.932386176364,0.006116846950292436
-48.8828070038324,4075.255471659702,0.020097537415359037
-48.8828070038324,4850.57539401662,0.028313223671106225
-48.8828070038324,5644.400304639972,0.031563183110814456
-48.8828070038324,6460.706643257664,0.027781977291452622
-48.8828070038324,7304.083533942523,0.02947385259762005
-48.8828070038324,8179.924027017652,0.06541505488319044
-48.8828070038324,9094.684894328619,0.06855117335010809
-48.8828070038324,10056.248874561099,0.08191266746929732
-48.8828070038324,11074.444095836221,0.1041486914567419
-48.8828070038324,12161.812404945887,0.12715762390839802
-48.8828070038324,13334.78712847382,0.15767189013014998
-48.8828070038324,14615.57581998827,0.21975548555005633
-48.8828070038324,16035.326451009285,0.21089093042279086
-48.8828070038324,17639.797753420946,0.21374784012725148
-48.8828070038324,19500.36812385895,0.20704899539200444
-43.08747261338513,-16035.326451009289,0.0007494914931535139
-43.08747261338513,-14615.575819988273,0.022512995498203382
-43.08747261338513,-13334.787128473823,-0.00871296382315586
-43.08747261338513,-12161.812404945887,-0.00445771502303581
-43.08747261338513,-11074.444095836221,-0.006692634691008348
-43.08747261338513,-10056.248874561099,0.02235332070499813
-43.08747261338513,-9094.684894328622,-0.0004883559115680548
-43.08747261338513,-8179.924027017655,0.0008611180345729676
-43.08747261338513,-7304.083533942523,0.019157200770011956
-43.08747261338513,-6460.706643257664,-0.007367759266634974
-43.08747261338513,-5644.400304639972,0.0007596300050506373
-43.08747261338513,-4850.575394016621,-0.00780567795582585
-43.08747261338513,-4075.2554716597033,0.010403259424265808
-43.08747261338513,-3314.932386176364,-0.011686230847682654
-43.08747261338513,-2566.4543865098526,0.006561265865868875
-43.08747261338513,-1826.9369810618202,0.010434781193655759
-43.08747261338513,-1093.6896837625404,-0.00033543532282760084
-43.08747261338513,-364.15364551603017,-0.00036427282962277967
-43.08747261338513,364.15364551602863,-0.0016222110499202822
-43.08747261338513,1093.689683762539,0.004202095802217207
-43.08747261338513,1826.9369810618202,0.008193636232305946
-43.08747261338513,2566.4543865098526,0.015433469435144195
-43.08747261338513,3314.932386176364,0.0275819403454943
-43.08747261338513,4075.255471659702,0.03554399085790853
-43.08747261338513,4850.57539401662,0.022716736219458987
-43.08747261338513,5644.400304639972,0.04842970469283012
-43.08747261338513,6460.706643257664,0.06517345852416445
-43.08747261338513,7304.083533942523,0.07556578082524404
-43.08747261338513,8179.924027017652,0.10208388370075057
-43.08747261338513,9094.684894328619,0.11714119899375047
-43.08747261338513,10056.248874561099,0.15644454489470333
-43.08747261338513,11074.444095836221,0.20079648946383843
-43.08747261338513,12161.812404945887,0.21370202087039955
-43.08747261338513,13334.78712847382,0.21605161430772518
-43.08747261338513,14615.57581998827,0.21958817996765484
-43.08747261338513,16035.326451009285,0.1991003496015719
-43.08747261338513,17639.797753420946,0.1932436134747895
-43.08747261338513,19500.36812385895,0.1594181662841829
-35.012631823729286,-16035.326451009289,0.01173055847975833
-35.012631823729286,-14615.575819988273,0.004430287690597203
-35.012631823729286,-13334.787128473823,-0.007340735058264301
-35.012631823729286,-12161.812404945887,0.012697402696662325
-35.012631823729286,-11074.444095836221,-0.004208656733753068
-35.012631823729286,-10056.248874561099,-0.018711648803131208
-35.012631823729286,-9094.684894328622,0.000968151783176203
-35.012631823729286,-8179.924027017655,-0.0014507850168705898
-35.012631823729286,-7304.083533942523,-0.0012767388525359927
-35.012631823729286,-6460.706643257664,0.004557963835826531
-35.012631823729286,-5644.400304639972,0.009558783838661197
-35.012631823729286,-4850.575394016621,0.002408009346265899
-35.012631823729286,-4075.2554716597033,-0.013134889832156025
-35.012631823729286,-3314.932386176364,0.002465504348285062
-35.012631823729286,-2566.4543865098526,0.00083465477809095
-35.012631823729286,-1826.9369810618202,0.013693609411302095
-35.012631823729286,-1093.6896837625404,0.02860037842273797
-35.012631823729286,-364.15364551603017,0.010582595505656907
-35.012631823729286,364.15364551602863,0.005842807899028435
-35.012631823729286,1093.689683762539,0.005559439987973361
-35.012631823729286,1826.9369810618202,0.016818536056389874
-35.012631823729286,2566.4543865098526,0.028498447754529654
-35.012631823729286,3314.932386176364,0.02876109826585442
-35.012631823729286,4075.255471659702,0.04608748370174144
-35.012631823729286,4850.57539401662,0.0838599815643874
-35.012631823729286,5644.400304639972,0.1086649205326626
-35.012631823729286,6460.706643257664,0.1842496558701563
-35.012631823729286,7304.083533942523,0.1630484246257315
-35.012631823729286,8179.924027017652,0.19444800368534343
-35.012631823729286,9094.684894328619,0.20535234755701667
-35.012631823729286,10056.248874561099,0.23063768468911852
-35.012631823729286,11074.444095836221,0.22516030675710136
-35.012631823729286,12161.812404945887,0.2343351766961257
-35.012631823729286,13334.78712847382,0.20319007618176266
-35.012631823729286,14615.57581998827,0.19415905352589732
-35.012631823729286,16035.326451009285,0.14548964844819
-35.012631823729286,17639.797753420946,0.13048227282915673
-35.012631823729286,19500.36812385895,0.11635463665783927
-30.10239470432593,-17639.797753420946,-0.004273941135262551
-30.10239470432593,-16035.326451009289,0.0004870185401045591
-30.10239470432593,-14615.575819988273,-0.011115076501851492
-30.10239470432593,-13334.787128473823,0.015703834131121235
-30.10239470432593,-12161.812404945887,0.008651373686882987
-30.10239470432593,-11074.444095836221,-0.007412703585801929
-30.10239470432593,-10056.248874561099,0.0058435646743909934
-30.10239470432593,-9094.684894328622,-0.006539948382885463
-30.10239470432593,-8179.924027017655,-0.007607368787366933
-30.10239470432593,-7304.083533942523,-0.02125817614993207
-30.10239470432593,-6460.706643257664,0.002720480616862535
-30.10239470432593,-5644.400304639972,0.0019143247064034308
-30.10239470432593,-4850.575394016621,0.00023656777433157903
-30.10239470432593,-4075.2554716597033,-0.01869972689604481
-30.10239470432593,-3314.932386176364,-0.007723634679552369
-30.10239470432593,-2566.4543865098526,0.002328269813077134
-30.10239470432593,-1826.9369810618202,0.00981612731126787
-30.10239470432593,-1093.6896837625404,0.019513449810024744
-30.10239470432593,-364.15364551603017,-0.0027011449369223916
-30.10239470432593,364.15364551602863,0.002699219531549759
-30.10239470432593,1093.689683762539,0.020161496288523182
-30.10239470432593,1826.9369810618202,0.03251552142625745
-30.10239470432593,2566.4543865098526,0.08617777330165148
-30.10239470432593,3314.932386176364,0.09531503896988103
-30.10239470432593,4075.255471659702,0.12662221214362623
-30.10239470432593,4850.57539401662,0.12308346992750312
-30.10239470432593,5644.400304639972,0.15591832916165313
-30.10239470432593,6460.706643257664,0.17891081456472754
-30.10239470432593,7304.083533942523,0.20720119352522132
-30.10239470432593,8179.924027017652,0.22838633182785723
-30.10239470432593,9094.684894328619,0.22503876105131543
-30.10239470432593,10056.248874561099,0.23304602143795056
-30.10239470432593,11074.444095836221,0.24827226051648169
-30.10239470432593,12161.812404945887,0.2011204716842117
-30.10239470432593,13334.78712847382,0.18658862820796016
-30.10239470432593,14615.57581998827,0.13394507524601565
-30.10239470432593,16035.326451009285,0.12049209138964
-30.10239470432593,17639.797753420946,0.11483790072312589
-30.10239470432593,19500.36812385895,0.052383100857803434
-23.3133618351709,-17639.797753420946,-0.006471531557331984
-23.3133618351709,-16035.326451009289,0.023137674841044367
-23.3133618351709,-14615.575819988273,-0.0038107387183722074
-23.3133618351709,-13334.787128473823,0.0037300182555759856
-23.3133618351709,-12161.812404945887,0.012409093682802859
-23.3133618351709,-11074.444095836221,0.005088046680246585
-23.3133618351709,-10056.248874561099,-0.01900266765809393
-23.3133618351709,-9094.684894328622,0.0008978960950232882
-23.3133618351709,-8179.924027017655,-0.008867891395325091
-23.3133618351709,-7304.083533942523,-0.004205246174765881
-23.3133618351709,-6460.706643257664,-0.009983685268286911
-23.3133618351709,-5644.400304639972,-0.003602931676688414
-23.3133618351709,-4850.575394016621,-0.010608120013997123
-23.3133618351709,-4075.2554716597033,0.013299807694998056
-23.3133618351709,-3314.932386176364,-0.007980941433420513
-23.3133618351709,-2566.4543865098526,0.0006807567137324228
-23.3133618351709,-1826.9369810618202,0.023460437901970686
-23.3133618351709,-1093.6896837625404,0.00823139047228177
-23.3133618351709,-364.15364551603017,0.032934361000746225
-23.3133618351709,364.15364551602863,0.07292203220641919
-23.3133618351709,1093.689683762539,0.08912694745037544
-23.3133618351709,1826.9369810618202,0.10593284192680148
-23.3133618351709,2566.4543865098526,0.11743749387543315
-23.3133618351709,3314.932386176364,0.158131522472635
-23.3133618351709,4075.255471659702,0.2080931151968979
-23.3133618351709,4850.57539401662,0.18830892421037734
-23.3133618351709,5644.400304639972,0.2107103592215525
-23.3133618351709,6460.706643257664,0.21570423272725675
-23.3133618351709,7304.083533942523,0.22263433113659195
-23.3133618351709,8179.924027017652,0.231304980265438
-23.3133618351709,9094.684894328619,0.2265551368335401
-23.3133618351709,10056.248874561099,0.2612655305948115
-23.3133618351709,11074.444095836221,0.17996349071234669
-23.3133618351709,12161.812404945887,0.13896893126370474
-23.3133618351709,13334.78712847382,0.12249646997757269
-23.3133618351709,14615.57581998827,0.08438876207737088
-23.3133618351709,16035.326451009285,0.05628655684800942
-23.3133618351709,17639.797753420946,-0.006023072781790343
-23.3133618351709,19500.36812385895,-0.002620060902269635
-24.835837533989757,-17639.797753420946,-0.0017034140662148076
-24.835837533989757,-16035.326451009289,-0.0006970464534283544
-24.835837533989757,-14615.575819988273,0.0011142064430925747
-24.835837533989757,-13334.787128473823,-0.006253019418853231
-24.835837533989757,-12161.812404945887,0.0025672532862610394
-24.835837533989757,-11074.444095836221,-0.009770705167349882
-24.835837533989757,-10056.248874561099,0.0035681557975478805
-24.835837533989757,-9094.684894328622,0.01053890776865685
-24.835837533989757,-8179.924027017655,-0.002680460792385623
-24.835837533989757,-7304.083533942523,-0.007214547924482197
-24.835837533989757,-6460.706643257664,-0.019092643935248083
-24.835837533989757,-5644.400304639972,-0.007676261559596258
-24.835837533989757,-4850.575394016621,-0.015494447571520445
-24.835837533989757,-4075.2554716597033,0.011265838252891064
-24.835837533989757,-3314.932386176364,0.013679425266792276
-24.835837533989757,-2566.4543865098526,-0.0005330046931288678
-24.835837533989757,-1826.9369810618202,0.010126620163844614
-24.835837533989757,-1093.6896837625404,0.007572061671556544
-24.835837533989757,-364.15364551603017,0.0023824167885958696
-24.835837533989757,364.15364551602863,0.05457178614064822
-24.835837533989757,1093.689683762539,0.07440012124930051
-24.835837533989757,1826.9369810618202,0.10946296461054582
-24.835837533989757,2566.4543865098526,0.09559298983520313
-24.835837533989757,3314.932386176364,0.09518096762507242
-24.835837533989757,4075.255471659702,0.1824141535028792
-24.835837533989757,4850.57539401662,0.19161572829656157
-24.835837533989757,5644.400304639972,0.20766285932073153
-24.835837533989757,6460.706643257664,0.21933854649843082
-24.835837533989757,7304.083533942523,0.2218617027645873
-24.835837533989757,8179.924027017652,0.22739119441890826
-24.835837533989757,9094.684894328619,0.22781677442731638
-24.835837533989757,10056.248874561099,0.2392576050693729
-24.835837533989757,11074.444095836221,0.18577451487868887
-24.835837533989757,12161.812404945887,0.14868878659219587
-24.835837533989757,13334.78712847382,0.1454525034514954
-24.835837533989757,14615.57581998827,0.11257058603995672
-24.835837533989757,16035.326451009285,0.06291731384358032
-24.835837533989757,17639.797753420946,0.0019062484869066434
-24.835837533989757,19500.36812385895,-0.01570261159099039
-22.80662517119621,-17639.797753420946,-0.0020643252932728904
-22.80662517119621,-16035.326451009289,0.007621007883856812
-22.80662517119621,-14615.575819988273,0.001073842235175113
-22.80662517119621,-13334.787128473823,0.011116662203098206
-22.80662517119621,-12161.812404945887,0.00062110132293411
-22.80662517119621,-11074.444095836221,0.017524639022187007
-22.80662517119621,-10056.248874561099,-0.01076236118455049
-22.80662517119621,-9094.684894328622,0.008023489001885686
-22.80662517119621,-8179.924027017655,-0.007794943074047908
-22.80662517119621,-7304.083533942523,0.010179341716975612
-22.80662517119621,-6460.706643257664,-0.007421642738189792
-22.80662517119621,-5644.400304639972,0.00497106660912089
-22.80662517119621,-4850.575394016621,0.004996266431630031
-22.80662517119621,-4075.2554716597033,0.004750737666819431
-22.80662517119621,-3314.932386176364,-0.012702950136039294
-22.80662517119621,-2566.4543865098526,0.01583062542428132
-22.80662517119621,-1826.9369810618202,-0.004214788700463188
-22.80662517119621,-1093.6896837625404,-0.0019113451604800334
-22.80662517119621,-364.15364551603017,0.041779318571679706
-22.80662517119621,364.15364551602863,0.07285346671720498
-22.80662517119621,1093.689683762539,0.10946417298439905
-22.80662517119621,1826.9369810618202,0.10432177517636546
-22.80662517119621,2566.4543865098526,0.0989641661806558
-22.80662517119621,3314.932386176364,0.19185221032791777
-22.80662517119621,4075.255471659702,0.1960007737281353
-22.80662517119621,4850.57539401662,0.21415141501163834
-22.80662517119621,5644.400304639972,0.2239297729494085
-22.80662517119621,6460.706643257664,0.2191743864943489
-22.80662517119621,7304.083533942523,0.2459954079614615
-22.80662517119621,8179.924027017652,0.23617336262166827
-22.80662517119621,9094.684894328619,0.23883712220291106
-22.80662517119621,10056.248874561099,0.24040936378424443
-22.80662517119621,11074.444095836221,0.16823157691763266
-22.80662517119621,12161.812404945887,0.12669945285371187
-22.80662517119621,13334.78712847382,0.1193853992214272
-22.80662517119621,14615.57581998827,0.08511360834924762
-22.80662517119621,16035.326451009285,0.05702392539671846
-22.80662517119621,17639.797753420946,0.009784064691017499
-22.80662517119621,19500.36812385895,0.005364400030924075
-17.35374846473879,-17639.797753420946,-0.004080199999714352
-17.35374846473879,-16035.326451009289,0.017208375316371698
-17.35374846473879,-14615.575819988273,0.007755024074036855
-17.35374846473879,-13334.787128473823,0.005781675445335928
-17.35374846473879,-12161.812404945887,0.0016501267176539261
-17.35374846473879,-11074.444095836221,-0.011011953771121715
-17.35374846473879,-10056.248874561099,0.0010358935276008569
-17.35374846473879,-9094.684894328622,0.002276004974640704
-17.35374846473879,-8179.924027017655,0.01672707164613208
-17.35374846473879,-7304.083533942523,0.005604277163415921
-17.35374846473879,-6460.706643257664,0.011214777792511774
-17.35374846473879,-5644.400304639972,-0.003765286257980526
-17.35374846473879,-4850.575394016621,0.009346110936875393
-17.35374846473879,-4075.2554716597033,0.02080357441182849
-17.35374846473879,-3314.932386176364,-0.0031014047848719932
-17.35374846473879,-2566.4543865098526,0.042998929285314916
-17.35374846473879,-1826.9369810618202,0.03812134904255895
-17.35374846473879,-1093.6896837625404,0.07198070239319318
-17.35374846473879,-364.15364551603017,0.0892392270313552
-17.35374846473879,364.15364551602863,0.09433484817222067
-17.35374846473879,1093.689683762539,0.1028944809801424
-17.35374846473879,1826.9369810618202,0.210884386770464
-17.35374846473879,2566.4543865098526,0.18862091718960788
-17.35374846473879,3314.932386176364,0.20264562635053315
-17.35374846473879,4075.255471659702,0.21070212630427565
-17.35374846473879,4850.57539401662,0.2303193473683627
-17.35374846473879,5644.400304639972,0.22056677251669005
-17.35374846473879,6460.706643257664,0.2137403085214457
-17.35374846473879,7304.083533942523,0.23308057296064916
-17.35374846473879,8179.924027017652,0.23090569973050049
-17.35374846473879,9094.684894328619,0.22411766225814883
-17.35374846473879,10056.248874561099,0.1797577253945925
-17.35374846473879,11074.444095836221,0.13374361532303874
-17.35374846473879,12161.812404945887,0.09243982549451787
-17.35374846473879,13334.78712847382,0.054288768971572324
-17.35374846473879,14615.57581998827,-0.01225052207978605
-17.35374846473879,16035.326451009285,0.021557499101954224
-17.35374846473879,17639.797753420946,0.010498982085926237
-17.35374846473879,19500.36812385895,-0.01017601778611582
-9.18157942874796,-17639.797753420946,-0.0007805429808973198
-9.18157942874796,-16035.326451009289,0.004264212191008223
-9.18157942874796,-14615.575819988273,0.00859592985984107
-9.18157942874796,-13334.787128473823,-0.0049985617888960885
-9.18157942874796,-12161.812404945887,-0.005551724357741599
-9.18157942874796,-11074.444095836221,-0.01073570887884916
-9.18157942874796,-10056.248874561099,0.01182080742269179
-9.18157942874796,-9094.684894328622,0.010349025801928913
-9.18157942874796,-8179.924027017655,0.005793381587270672
-9.18157942874796,-7304.083533942523,-3.531201448759517e-05
-9.18157942874796,-6460.706643257664,0.010365706153575679
-9.18157942874796,-5644.400304639972,0.0021981330633899497
-9.18157942874796,-4850.575394016621,0.02828617397486481
-9.18157942874796,-4075.2554716597033,0.028679204418135366
-9.18157942874796,-3314.932386176364,0.049897401752861475
-9.18157942874796,-2566.4543865098526,0.01980057215894346
-9.18157942874796,-1826.9369810618202,0.08084299583398509
-9.18157942874796,-1093.6896837625404,0.1857438276257289
-9.18157942874796,-364.15364551603017,0.19090809065740577
-9.18157942874796,364.15364551602863,0.21198625623735015
-9.18157942874796,1093.689683762539,0.2143619333157589
-9.18157942874796,1826.9369810618202,0.21659407062061087
-9.18157942874796,2566.4543865098526,0.2166232866698985
-9.18157942874796,3314.932386176364,0.2103591117305126
-9.18157942874796,4075.255471659702,0.2304218449564436
-9.18157942874796,4850.57539401662,0.22279158287817932
-9.18157942874796,5644.400304639972,0.22103071728303975
-9.18157942874796,6460.706643257664,0.22814292000907588
-9.18157942874796,7304.083533942523,0.23077341077153876
-9.18157942874796,8179.924027017652,0.14620896690321447
-9.18157942874796,9094.684894328619,0.10979624369217511
-9.18157942874796,10056.248874561099,0.06352487769854825
-9.18157942874796,11074.444095836221,-0.00047414282533047355
-9.18157942874796,12161.812404945887,-0.0034202084946481654
-9.18157942874796,13334.78712847382,0.0037591865598495455
-9.18157942874796,14615.57581998827,-0.006203304505667751
-9.18157942874796,16035.326451009285,-0.0023955163479124747
-9.18157942874796,17639.797753420946,-0.003655652625502755
-9.18157942874796,19500.36812385895,-0.021543779568172862
-5.4224364694705285,-17639.797753420946,0.0036387569939553056
-5.4224364694705285,-16035.326451009289,0.00311207654784648
-5.4224364694705285,-14615.575819988273,0.0018025170062349605
-5.4224364694705285,-13334.787128473823,-0.006448409491750601
-5.4224364694705285,-12161.812404945887,-0.0035489969700453474
-5.4224364694705285,-11074.444095836221,-0.004803291304135722
-5.4224364694705285,-10056.248874561099,-0.0009206941020209608
-5.4224364694705285,-9094.684894328622,-0.015833457977370076
-5.4224364694705285,-8179.924027017655,-0.015158242925205304
-5.4224364694705285,-7304.083533942523,0.014522167043628461
-5.4224364694705285,-6460.706643257664,0.04204799197867058
-5.4224364694705285,-5644.400304639972,0.03522209931319491
-5.4224364694705285,-4850.575394016621,0.05102577801375205
-5.4224364694705285,-4075.2554716597033,0.04127805605973983
-5.4224364694705285,-3314.932386176364,0.002910357269003676
-5.4224364694705285,-2566.4543865098526,0.10739554938395804
-5.4224364694705285,-1826.9369810618202,0.19433187674703684
-5.4224364694705285,-1093.6896837625404,0.19705060924402146
-5.4224364694705285,-364.15364551603017,0.20696094820930477
-5.4224364694705285,364.15364551602863,0.22194664696613478
-5.4224364694705285,1093.689683762539,0.22270771384362129
-5.4224364694705285,1826.9369810618202,0.23540353140451561
-5.4224364694705285,2566.4543865098526,0.24563657489363147
-5.4224364694705285,3314.932386176364,0.22337955381070612
-5.4224364694705285,4075.255471659702,0.20329780808031123
-5.4224364694705285,4850.57539401662,0.22358146388940633
-5.4224364694705285,5644.400304639972,0.2338238394501265
-5.4224364694705285,6460.706643257664,0.21935700885179427
-5.4224364694705285,7304.083533942523,0.17211238523876415
-5.4224364694705285,8179.924027017652,0.10445162480968859
-5.4224364694705285,9094.684894328619,0.05404871094778464
-5.4224364694705285,10056.248874561099,0.011540013953428331
-5.4224364694705285,11074.444095836221,0.015123811971869159
-5.4224364694705285,12161.812404945887,-0.01602521009048869
-5.4224364694705285,13334.78712847382,-0.016172014051106395
-5.4224364694705285,14615.57581998827,-0.0025799860892907634
-5.4224364694705285,16035.326451009285,0.006899112854303251
-5.4224364694705285,17639.797753420946,-0.0002726925149975638
-5.4224364694705285,19500.36812385895,0.01454740914220625
-5.863471351667673,-17639.797753420946,0.017284902932056378
-5.863471351667673,-16035.326451009289,-0.0018373668369807917
-5.863471351667673,-14615.575819988273,-0.009829712705038105
-5.863471351667673,-13334.787128473823,-0.008801156308130728
-5.863471351667673,-12161.812404945887,0.005357020708457606
-5.863471351667673,-11074.444095836221,-0.00524931049804568
-5.863471351667673,-10056.248874561099,0.01065557211931414
-5.863471351667673,-9094.684894328622,-0.0031414361749951595
-5.863471351667673,-8179.924027017655,0.005598622222931467
-5.863471351667673,-7304.083533942523,0.02013161019143676
-5.863471351667673,-6460.706643257664,0.02700017339851632
-5.863471351667673,-5644.400304639972,0.03486563808521765
-5.863471351667673,-4850.575394016621,0.05685986463440207
-5.863471351667673,-4075.2554716597033,0.04663157070769792
-5.863471351667673,-3314.932386176364,0.031496844341042544
-5.863471351667673,-2566.4543865098526,0.04650959549751783
-5.863471351667673,-1826.9369810618202,0.21348618727030264
-5.863471351667673,-1093.6896837625404,0.20403369838838556
-5.863471351667673,-364.15364551603017,0.20965672389081616
-5.863471351667673,364.15364551602863,0.2300553636777514
-5.863471351667673,1093.689683762539,0.2123246651308272
-5.863471351667673,1826.9369810618202,0.22234183788865094
-5.863471351667673,2566.4543865098526,0.23286503506719072
-5.863471351667673,3314.932386176364,0.24069283414469647
-5.863471351667673,4075.255471659702,0.20546414904997512
-5.863471351667673,4850.57539401662,0.2227837627680978
-5.863471351667673,5644.400304639972,0.219880226735886
-5.863471351667673,6460.706643257664,0.2116806506537756
-5.863471351667673,7304.083533942523,0.20000588850198245
-5.863471351667673,8179.924027017652,0.08545731021894537
-5.863471351667673,9094.684894328619,0.06131855064074809
-5.863471351667673,10056.248874561099,-0.005459903031415121
-5.863471351667673,11074.444095836221,0.009720997777867873
-5.863471351667673,12161.812404945887,0.019548669184095112
-5.863471351667673,13334.78712847382,-0.0007720010586062243
-5.863471351667673,14615.57581998827,-0.0021860912536938734
-5.863471351667673,16035.326451009285,0.0008195263667804376
-5.863471351667673,17639.797753420946,0.0060956442402482405
-5.863471351667673,19500.36812385895,-0.008573693239546362
6.478853886488855,-19500.36812385895,-0.015253718069456681
6.478853886488855,-17639.797753420946,0.00919732184158517
6.478853886488855,-16035.326451009289,0.007640276182550312
6.478853886488855,-14615.575819988273,0.011558856873494356
6.478853886488855,-13334.787128473823,-0.00727534609585926
6.478853886488855,-12161.812404945887,0.0010022026341946952
6.478853886488855,-11074.444095836221,0.001850893646016585
6.478853886488855,-10056.248874561099,0.051421140642940635
6.478853886488855,-9094.684894328622,0.04874081923758013
6.478853886488855,-8179.924027017655,0.04070369023357062
6.478853886488855,-7304.083533942523,0.027253331834686294
6.478853886488855,-6460.706643257664,0.04834992932881117
6.478853886488855,-5644.400304639972,0.10971355753321597
6.478853886488855,-4850.575394016621,0.17557986474205894
6.478853886488855,-4075.2554716597033,0.23584305694534508
6.478853886488855,-3314.932386176364,0.22260950919956551
6.478853886488855,-2566.4543865098526,0.22893341150242527
6.478853886488855,-1826.9369810618202,0.24490466904773792
6.478853886488855,-1093.6896837625404,0.2322820336396279
6.478853886488855,-364.15364551603017,0.22091927349941928
6.478853886488855,364.15364551602863,0.22418393162051264
6.478853886488855,1093.689683762539,0.2283839086775694
6.478853886488855,1826.9369810618202,0.22208800611691196
6.478853886488855,2566.4543865098526,0.2270975072990596
6.478853886488855,3314.932386176364,0.1920535041959828
6.478853886488855,4075.255471659702,0.1719712405772531
6.478853886488855,4850.57539401662,0.10905826777427305
6.478853886488855,5644.400304639972,0.028257442606905384
6.478853886488855,6460.706643257664,-0.00549928336294384
6.478853886488855,7304.083533942523,-0.0044842554425716516
6.478853886488855,8179.924027017652,-0.008497114793328115
6.478853886488855,9094.684894328619,-0.014162934735925552
6.478853886488855,10056.248874561099,0.006496995613056152
6.478853886488855,11074.444095836221,0.004274843000212729
6.478853886488855,12161.812404945887,0.004645847352944261
6.478853886488855,13334.78712847382,0.0025883572291050035
6.478853886488855,14615.57581998827,0.005914718586047791
6.478853886488855,16035.326451009285,-0.009729825256429942
6.478853886488855,17639.797753420946,0.005566518920099862
13.552224137556554,-19500.36812385895,0.004493183035610898
13.552224137556554,-17639.797753420946,0.018421728038490272
13.552224137556554,-16035.326451009289,0.020536429033988914
13.552224137556554,-14615.575819988273,-0.008375860352228596
13.552224137556554,-13334.787128473823,0.0070674786481985065
13.552224137556554,-12161.812404945887,0.046292832641649136
13.552224137556554,-11074.444095836221,0.04360522721818573
13.552224137556554,-10056.248874561099,0.030687644787637428
13.552224137556554,-9094.684894328622,0.0619412336001851
13.552224137556554,-8179.924027017655,0.08228219976603757
13.552224137556554,-7304.083533942523,0.1338780866799362
13.552224137556554,-6460.706643257664,0.20156606921113285
13.552224137556554,-5644.400304639972,0.19314933844504725
13.552224137556554,-4850.575394016621,0.24455238271497143
13.552224137556554,-4075.2554716597033,0.23382057077883334
13.552224137556554,-3314.932386176364,0.23775807375305386
13.552224137556554,-2566.4543865098526,0.24239828342796177
13.552224137556554,-1826.9369810618202,0.22024629117835615
13.552224137556554,-1093.6896837625404,0.21576069737004205
13.552224137556554,-364.15364551603017,0.21723878719299608
13.552224137556554,364.15364551602863,0.2068080916821883
13.552224137556554,1093.689683762539,0.19938357836474285
13.552224137556554,1826.9369810618202,0.19037000482420854
13.552224137556554,2566.4543865098526,0.11751345183000719
13.552224137556554,3314.932386176364,0.059717243061441744
13.552224137556554,4075.255471659702,0.021596549915914892
13.552224137556554,4850.57539401662,0.0233635014454005
13.552224137556554,5644.400304639972,0.005924984878207536
13.552224137556554,6460.706643257664,-0.008166242481661048
13.552224137556554,7304.083533942523,0.01465381613544552
13.552224137556554,8179.924027017652,0.007930942538039066
13.552224137556554,9094.684894328619,-0.007674338460171626
13.552224137556554,10056.248874561099,0.006978439023090638
13.552224137556554,11074.444095836221,0.012130508435505137
13.552224137556554,12161.812404945887,0.020817523909840357
13.552224137556554,13334.78712847382,0.008911097476485623
13.552224137556554,14615.57581998827,-0.01464554932350568
13.552224137556554,16035.326451009285,-0.009434161657104296
13.552224137556554,17639.797753420946,0.0005620410860193608
10.771434653968594,-19500.36812385895,-0.0019031018421529996
10.771434653968594,-17639.797753420946,-0.003547370507331624
10.771434653968594,-16035.326451009289,-0.0025005012979681853
10.771434653968594,-14615.575819988273,0.003408333333402966
10.771434653968594,-13334.787128473823,-0.002859046151833583
10.771434653968594,-12161.812404945887,0.0432623848187314
10.771434653968594,-11074.444095836221,0.05089154848697717
10.771434653968594,-10056.248874561099,0.04795028062183562
10.771434653968594,-9094.684894328622,0.04803122209441457
10.771434653968594,-8179.924027017655,0.06097124918905734
10.771434653968594,-7304.083533942523,0.07621881946685334
10.771434653968594,-6460.706643257664,0.10894940330289651
10.771434653968594,-5644.400304639972,0.18303436074792898
10.771434653968594,-4850.575394016621,0.20006575508999977
10.771434653968594,-4075.2554716597033,0.22983845218182714
10.771434653968594,-3314.932386176364,0.22314040240357036
10.771434653968594,-2566.4543865098526,0.2323675162727424
10.771434653968594,-1826.9369810618202,0.23868833708381454
10.771434653968594,-1093.6896837625404,0.2251057066886343
10.771434653968594,-364.15364551603017,0.20633151912618894
10.771434653968594,364.15364551602863,0.19976654724242027
10.771434653968594,1093.689683762539,0.1872218419585433
10.771434653968594,1826.9369810618202,0.1977688875057214
10.771434653968594,2566.4543865098526,0.1908516665896647
10.771434653968594,3314.932386176364,0.13217589385064585
10.771434653968594,4075.255471659702,0.05186521794342003
10.771434653968594,4850.57539401662,0.03338615051881688
10.771434653968594,5644.400304639972,0.009635870597633716
10.771434653968594,6460.706643257664,-0.021321658370111254
10.771434653968594,7304.083533942523,-0.006559693072819564
10.771434653968594,8179.924027017652,-0.00265346673534561
10.771434653968594,9094.684894328619,0.012813893830928841
10.771434653968594,10056.248874561099,0.008216728006342489
10.771434653968594,11074.444095836221,-0.00036454459704028696
10.771434653968594,12161.812404945887,-0.005209377945972716
10.771434653968594,13334.78712847382,-0.007819558272737826
10.771434653968594,14615.57581998827,0.011197254773051633
10.771434653968594,16035.326451009285,-0.0103743807125378
10.771434653968594,17639.797753420946,-0.01376944390658977
13.226917527246147,-19500.36812385895,-0.005055178893145624
13.226917527246147,-17639.797753420946,0.01612361929759596
13.226917527246147,-16035.326451009289,0.005002576112711944
13.226917527246147,-14615.575819988273,-0.005988556027552345
13.226917527246147,-13334.787128473823,0.008242413561217132
13.226917527246147,-12161.812404945887,0.04066521906817545
13.226917527246147,-11074.444095836221,0.06260626454638296
13.226917527246147,-10056.248874561099,0.03337082401532451
13.226917527246147,-9094.684894328622,0.045009878050070166
13.226917527246147,-8179.924027017655,0.06672133641341031
13.226917527246147,-7304.083533942523,0.09950216931016619
13.226917527246147,-6460.706643257664,0.20346776469612085
13.226917527246147,-5644.400304639972,0.1913207563841729
13.226917527246147,-4850.575394016621,0.240121246307155
13.226917527246147,-4075.2554716597033,0.22530109540130883
13.226917527246147,-3314.932386176364,0.233894265989973
13.226917527246147,-2566.4543865098526,0.2198176034937851
13.226917527246147,-1826.9369810618202,0.22083460871606161
13.226917527246147,-1093.6896837625404,0.22238568781747087
13.226917527246147,-364.15364551603017,0.20213246379929395
13.226917527246147,364.15364551602863,0.19997751391291577
13.226917527246147,1093.689683762539,0.18801438220294822
13.226917527246147,1826.9369810618202,0.19047330738834467
13.226917527246147,2566.4543865098526,0.15318517455923025
13.226917527246147,3314.932386176364,0.0870796259601195
13.226917527246147,4075.255471659702,0.01807045500721317
13.226917527246147,4850.57539401662,0.024749868814748822
13.226917527246147,5644.400304639972,-0.013239124379691276
13.226917527246147,6460.706643257664,0.0132073099476249
13.226917527246147,7304.083533942523,-0.00299694782325992
13.226917527246147,8179.924027017652,-0.012529213157718114
13.226917527246147,9094.684894328619,0.0063540887965142945
13.226917527246147,10056.248874561099,-0.004511151619627896
13.226917527246147,11074.444095836221,-0.000611099783008231
13.226917527246147,12161.812404945887,0.009635134068136679
13.226917527246147,13334.78712847382,-0.003362167443603438
13.226917527246147,14615.57581998827,0.011460994666385253
13.226917527246147,16035.326451009285,0.006483943184761404
13.226917527246147,17639.797753420946,0.0003124336725041317
22.113323860439436,-19500.36812385895,-0.010904700703661134
22.113323860439436,-17639.797753420946,-0.015318237710118433
22.113323860439436,-16035.326451009289,0.058470228011481766
22.113323860439436,-14615.575819988273,0.06207578581539982
22.113323860439436,-13334.787128473823,0.05013891335954445
22.113323860439436,-12161.812404945887,0.09224635875869634
22.113323860439436,-11074.444095836221,0.1066269711045934
22.113323860439436,-10056.248874561099,0.14517330816116214
22.113323860439436,-9094.684894328622,0.14613597963034555
22.113323860439436,-8179.924027017655,0.1657484282081453
22.113323860439436,-7304.083533942523,0.20517434237800783
22.113323860439436,-6460.706643257664,0.22528207124563202
22.113323860439436,-5644.400304639972,0.2535465785050824
22.113323860439436,-4850.575394016621,0.2290119642768709
22.113323860439436,-4075.2554716597033,0.2235663839717489
22.113323860439436,-3314.932386176364,0.20491886986216037
22.113323860439436,-2566.4543865098526,0.21862151848940165
22.113323860439436,-1826.9369810618202,0.1921109299402186
22.113323860439436,-1093.6896837625404,0.17541319838792863
22.113323860439436,-364.15364551603017,0.13219363938831769
22.113323860439436,364.15364551602863,0.07365666733459954
22.113323860439436,1093.689683762539,0.09193654140861063
22.113323860439436,1826.9369810618202,0.04035199369011582
22.113323860439436,2566.4543865098526,0.04165331607990727
22.113323860439436,3314.932386176364,0.0343978847221311
22.113323860439436,4075.255471659702,-0.0059807691785722875
22.113323860439436,4850.57539401662,0.01203500247797054
22.113323860439436,5644.400304639972,0.017358107343877015
22.113323860439436,6460.706643257664,-0.010745626231141624
22.113323860439436,7304.083533942523,0.0064637827198151514
22.113323860439436,8179.924027017652,0.021968948179893238
22.113323860439436,9094.684894328619,0.001519901373159683
22.113323860439436,10056.248874561099,0.00223775059676236
22.113323860439436,11074.444095836221,-0.013978341619653663
22.113323860439436,12161.812404945887,6.0834593934244296e-05
22.113323860439436,13334.78712847382,-0.014693070861561464
22.113323860439436,14615.57581998827,0.006290748753928349
22.113323860439436,16035.326451009285,0.002217361042043024
22.113323860439436,17639.797753420946,-0.0007357322101224962
31.57946876834365,-19500.36812385895,0.07464643345328377
31.57946876834365,-17639.797753420946,0.05780552548043183
31.57946876834365,-16035.326451009289,0.10433627214371514
31.57946876834365,-14615.575819988273,0.1177366956391009
31.57946876834365,-13334.787128473823,0.12729076833341704
31.57946876834365,-12161.812404945887,0.16034043756213212
31.57946876834365,-11074.444095836221,0.1795236491508618
31.57946876834365,-10056.248874561099,0.1941144243282889
31.57946876834365,-9094.684894328622,0.2101464319937581
31.57946876834365,-8179.924027017655,0.22718511000532385
31.57946876834365,-7304.083533942523,0.2379489955832754
31.57946876834365,-6460.706643257664,0.2210533878433972
31.57946876834365,-5644.400304639972,0.23612221201529446
31.57946876834365,-4850.575394016621,0.1710442398088018
31.57946876834365,-4075.2554716597033,0.1521613342001476
31.57946876834365,-3314.932386176364,0.11062786955656931
31.57946876834365,-2566.4543865098526,0.09093128541046262
31.57946876834365,-1826.9369810618202,0.06428014903887218
31.57946876834365,-1093.6896837625404,0.07534766873183532
31.57946876834365,-364.15364551603017,0.026908812984753037
31.57946876834365,364.15364551602863,0.03678005012039521
31.57946876834365,1093.689683762539,0.01790277004768545
31.57946876834365,1826.9369810618202,0.025431500988432235
31.57946876834365,2566.4543865098526,-0.0026063845602671745
31.57946876834365,3314.932386176364,0.004513270272908792
31.57946876834365,4075.255471659702,-0.0015016414702580306
31.57946876834365,4850.57539401662,0.002454457012599743
31.57946876834365,5644.400304639972,0.022082632193926033
31.57946876834365,6460.706643257664,-0.012297278504793318
31.57946876834365,7304.083533942523,-0.008708008823807744
31.57946876834365,8179.924027017652,-0.00899214523103983
31.57946876834365,9094.684894328619,0.0038343254299359796
31.57946876834365,10056.248874561099,-0.01735491035958194
31.57946876834365,11074.444095836221,0.0009166213242449194
31.57946876834365,12161.812404945887,0.014933732600795613
31.57946876834365,13334.78712847382,0.02375982603787194
31.57946876834365,14615.57581998827,-0.006938544242343434
31.57946876834365,16035.326451009285,-0.00848900132123259
31.57946876834365,17639.797753420946,0.01030111583490748
37.975799339244304,-19500.36812385895,0.09890523366359492
37.975799339244304,-17639.797753420946,0.11674836977772945
37.975799339244304,-16035.326451009289,0.14071519171667712
37.975799339244304,-14615.575819988273,0.1496068808338324
37.975799339244304,-13334.787128473823,0.18057001302189396
37.975799339244304,-12161.812404945887,0.19844245193450322
37.975799339244304,-11074.444095836221,0.20593693856522544
37.975799339244304,-10056.248874561099,0.2141154537972115
37.975799339244304,-9094.684894328622,0.2170452388093656
37.975799339244304,-8179.924027017655,0.2018807921230389
37.975799339244304,-7304.083533942523,0.20434134231617898
37.975799339244304,-6460.706643257664,0.1737239414803049
37.975799339244304,-5644.400304639972,0.11026635623779157
37.975799339244304,-4850.575394016621,0.10953110921339526
37.975799339244304,-4075.2554716597033,0.09822224287830036
37.975799339244304,-3314.932386176364,0.08994677295208205
37.975799339244304,-2566.4543865098526,0.05778001805679909
37.975799339244304,-1826.9369810618202,0.037486885706667104
37.975799339244304,-1093.6896837625404,0.01440215139354352
37.975799339244304,-364.15364551603017,0.02996102747640788
37.975799339244304,364.15364551602863,0.0212590500977976
37.975799339244304,1093.689683762539,0.011271868173534236
37.975799339244304,1826.9369810618202,-0.0069729984406840815
37.975799339244304,2566.4543865098526,-0.0027680803475342063
37.975799339244304,3314.932386176364,0.0005191409841375633
37.975799339244304,4075.255471659702,6.361491609524505e-05
37.975799339244304,4850.57539401662,-0.004988462440132748
37.975799339244304,5644.400304639972,0.004039388736007524
37.975799339244304,6460.706643257664,0.00041489336330608135
37.975799339244304,7304.083533942523,0.003725188696919504
37.975799339244304,8179.924027017652,0.02308802347565788
37.975799339244304,9094.684894328619,-0.005910901635798284
37.975799339244304,10056.248874561099,0.0034172773029033958
37.975799339244304,11074.444095836221,-0.004072354641099016
37.975799339244304,12161.812404945887,0.013560393272557788
37.975799339244304,13334.78712847382,-0.011505232455697963
37.975799339244304,14615.57581998827,-0.01943042540503362
37.975799339244304,16035.326451009285,0.024043519660840895
37.3322813930166,-19500.36812385895,0.08817835570125475
37.3322813930166,-17639.797753420946,0.08701124412041386
37.3322813930166,-16035.326451009289,0.14882904055119286
37.3322813930166,-14615.575819988273,0.15328027180987275
37.3322813930166,-13334.787128473823,0.18521867960460156
37.3322813930166,-12161.812404945887,0.20059085950399247
37.3322813930166,-11074.444095836221,0.19930215157274622
37.3322813930166,-10056.248874561099,0.22257646299677805
37.3322813930166,-9094.684894328622,0.22141541360146624
37.3322813930166,-8179.924027017655,0.21917660959889468
37.3322813930166,-7304.083533942523,0.21335600398572144
37.3322813930166,-6460.706643257664,0.18052448806557964
37.3322813930166,-5644.400304639972,0.10243813765967741
37.3322813930166,-4850.575394016621,0.11287949233449901
37.3322813930166,-4075.2554716597033,0.0972878245838956
37.3322813930166,-3314.932386176364,0.07464750989415327
37.3322813930166,-2566.4543865098526,0.0701898796208732
37.3322813930166,-1826.9369810618202,0.047708330499703515
37.3322813930166,-1093.6896837625404,0.03521141713204491
37.3322813930166,-364.15364551603017,0.031489650396927846
37.3322813930166,364.15364551602863,0.04800001839571659
37.3322813930166,1093.689683762539,0.020394381401038567
37.3322813930166,1826.9369810618202,0.010358914560009714
37.3322813930166,2566.4543865098526,-0.0047393983014981855
37.3322813930166,3314.932386176364,0.00984154847692843
37.3322813930166,4075.255471659702,-0.0019042868498822098
37.3322813930166,4850.57539401662,0.016273112261201997
37.3322813930166,5644.400304639972,0.0010517599613569968
37.3322813930166,6460.706643257664,0.002757073459368719
37.3322813930166,7304.083533942523,-0.01751622860354273
37.3322813930166,8179.924027017652,0.020883459622717978
37.3322813930166,9094.684894328619,0.005349996041706413
37.3322813930166,10056.248874561099,0.011083910091535715
37.3322813930166,11074.444095836221,0.0025288449493881446
37.3322813930166,12161.812404945887,-0.0056072771817133535
37.3322813930166,13334.78712847382,-0.02346131849611242
37.3322813930166,14615.57581998827,-0.017914064391709644
37.3322813930166,16035.326451009285,0.013098695609393753
45.966111229337315,-19500.36812385895,0.1483804385966261
45.966111229337315,-17639.797753420946,0.14583008979609624
45.966111229337315,-16035.326451009289,0.16990365343516373
45.966111229337315,-14615.575819988273,0.21211512384802206
45.966111229337315,-13334.787128473823,0.19410465028413204
45.966111229337315,-12161.812404945887,0.19064138382431575
45.966111229337315,-11074.444095836221,0.18004376681689285
45.966111229337315,-10056.248874561099,0.15865657896658608
45.966111229337315,-9094.684894328622,0.15138867650183738
45.966111229337315,-8179.924027017655,0.12966413540251523
45.966111229337315,-7304.083533942523,0.09393173532102518
45.966111229337315,-6460.706643257664,0.08929682568998161
45.966111229337315,-5644.400304639972,0.08155698436589033
45.966111229337315,-4850.575394016621,0.04782507774393295
45.966111229337315,-4075.2554716597033,0.047699565837000024
45.966111229337315,-3314.932386176364,0.03018855948976379
45.966111229337315,-2566.4543865098526,0.017259803083983755
45.966111229337315,-1826.9369810618202,0.03067151116242142
45.966111229337315,-1093.6896837625404,0.0341838642992633
45.966111229337315,-364.15364551603017,-0.0013600664946525768
45.966111229337315,364.15364551602863,-0.005913651842156492
45.966111229337315,1093.689683762539,-0.005871214941961458
45.966111229337315,1826.9369810618202,-0.015086574975987126
45.966111229337315,2566.4543865098526,0.0061951069131665724
45.966111229337315,3314.932386176364,0.0029805448464894913
45.966111229337315,4075.255471659702,-0.01039076722566651
45.966111229337315,4850.57539401662,-0.020810987568061868
45.966111229337315,5644.400304639972,-0.010769664970916767
45.966111229337315,6460.706643257664,-0.00392432511299416
45.966111229337315,7304.083533942523,0.0032797924932417583
45.966111229337315,8179.924027017652,0.0057865647966152105
45.966111229337315,9094.684894328619,0.0013019537758245869
45.966111229337315,10056.248874561099,0.0040975410094106395
45.966111229337315,11074.444095836221,-0.0030401260319914197
45.966111229337315,12161.812404945887,0.01100467722208339
45.966111229337315,13334.78712847382,0.00772947144749046
45.966111229337315,14615.57581998827,0.011155360082988886
45.966111229337315,16035.326451009285,-0.004108856070787726
54.04021137443152,-19500.36812385895,0.17871675260969744
54.04021137443152,-17639.797753420946,0.1643546440684697
54.04021137443152,-16035.326451009289,0.16338712751417647
54.04021137443152,-14615.575819988273,0.12681627402560863
54.04021137443152,-13334.787128473823,0.13414789717256556
54.04021137443152,-12161.812404945887,0.13261720907641
54.04021137443152,-11074.444095836221,0.14380127757606626
54.04021137443152,-10056.248874561099,0.09309263529375912
54.04021137443152,-9094.684894328622,0.07979439921105747
54.04021137443152,-8179.924027017655,0.06576932887504405
54.04021137443152,-7304.083533942523,0.05085078232530256
54.04021137443152,-6460.706643257664,-0.0011478765715953396
54.04021137443152,-5644.400304639972,0.031002715081567416
54.04021137443152,-4850.575394016621,0.029667351845168326
54.04021137443152,-4075.2554716597033,0.037201704910334046
54.04021137443152,-3314.932386176364,0.02942299590652939
54.04021137443152,-2566.4543865098526,0.0066085374797069975
54.04021137443152,-1826.9369810618202,-0.0056441393915320475
54.04021137443152,-1093.6896837625404,0.004338055244889833
54.04021137443152,-364.15364551603017,-0.0053907201366405946
54.04021137443152,364.15364551602863,-0.0026684773068041934
54.04021137443152,1093.689683762539,0.0037206409886005234
54.04021137443152,1826.9369810618202,0.0021604968202482196
54.04021137443152,2566.4543865098526,-0.004618722491881206
54.04021137443152,3314.932386176364,0.005113109256099812
54.04021137443152,4075.255471659702,-0.006435082279698552
54.04021137443152,4850.57539401662,0.00847475445731424
54.04021137443152,5644.400304639972,-0.0041365944653541705
54.04021137443152,6460.706643257664,0.00384448922418806
54.04021137443152,7304.083533942523,0.0008596046100327918
54.04021137443152,8179.924027017652,0.007123867121780151
54.04021137443152,9094.684894328619,0.02195313894948386
54.04021137443152,10056.248874561099,-0.006152938024818529
54.04021137443152,11074.444095836221,-0.018131445931594103
54.04021137443152,12161.812404945887,-0.01024914846619932
54.04021137443152,13334.78712847382,-0.001672256596856004
54.04021137443152,14615.57581998827,0.0059779342135302315
54.04021137443152,16035.326451009285,0.007555154044049216
58.23069182979854,-19500.36812385895,0.1635805489371436
58.23069182979854,-17639.797753420946,0.11710000828258124
58.23069182979854,-16035.326451009289,0.1341167143538909
58.23069182979854,-14615.575819988273,0.12338535546895163
58.23069182979854,-13334.787128473823,0.12879597296303494
58.23069182979854,-12161.812404945887,0.15253111999098737
58.23069182979854,-11074.444095836221,0.05979436647786768
58.23069182979854,-10056.248874561099,0.04795669653575502
58.23069182979854,-9094.684894328622,0.046005696822485315
58.23069182979854,-8179.924027017655,0.012173482198943951
58.23069182979854,-7304.083533942523,0.03220553021022581
58.23069182979854,-6460.706643257664,0.02971122183984512
58.23069182979854,-5644.400304639972,0.0451148743426598
58.23069182979854,-4850.575394016621,0.02915228091792197
58.23069182979854,-4075.2554716597033,-0.0028283855570658393
58.23069182979854,-3314.932386176364,0.01894804252406893
58.23069182979854,-2566.4543865098526,0.001924426130734544
58.23069182979854,-1826.9369810618202,-0.0009285366567756859
58.23069182979854,-1093.6896837625404,-0.011974447799834774
58.23069182979854,-364.15364551603017,0.03145787934648452
58.23069182979854,364.15364551602863,0.006678694486080964
58.23069182979854,1093.689683762539,-0.007528916076733659
58.23069182979854,1826.9369810618202,0.015230546221356327
58.23069182979854,2566.4543865098526,-0.014906216784887415
58.23069182979854,3314.932386176364,0.006703958646584986
58.23069182979854,4075.255471659702,-0.02733931884450451
58.23069182979854,4850.57539401662,-0.005557524268111736
58.23069182979854,5644.400304639972,0.005078378468051746
58.23069182979854,6460.706643257664,0.013274389265870577
58.23069182979854,7304.083533942523,0.010393812353379942
58.23069182979854,8179.924027017652,-0.012508923882521955
58.23069182979854,9094.684894328619,0.010190529134270394
58.23069182979854,10056.248874561099,-0.008306334127661765
58.23069182979854,11074.444095836221,-0.007079739124805926
58.23069182979854,12161.812404945887,-0.00019340004496019435
58.23069182979854,13334.78712847382,0.01264602001146967
58.23069182979854,14615.57581998827,-0.001288975103650454
58.23069182979854,16035.326451009285,0.0006342567971734778
59.08012699282267,-19500.36812385895,0.12889506124364417
59.08012699282267,-17639.797753420946,0.14021349167849273
59.08012699282267,-16035.326451009289,0.14334946712144747
59.08012699282267,-14615.575819988273,0.12250369692434153
59.08012699282267,-13334.787128473823,0.1521660381373131
59.08012699282267,-12161.812404945887,0.08442754683540776
59.08012699282267,-11074.444095836221,0.07706028661132337
59.08012699282267,-10056.248874561099,0.06238555131982476
59.08012699282267,-9094.684894328622,0.02186945906803512
59.08012699282267,-8179.924027017655,0.010424111357052832
59.08012699282267,-7304.083533942523,0.030408365650670004
59.08012699282267,-6460.706643257664,0.025267721455577607
59.08012699282267,-5644.400304639972,0.02568757560547675
59.08012699282267,-4850.575394016621,0.018875315983036257
59.08012699282267,-4075.2554716597033,-0.005613545210405908
59.08012699282267,-3314.932386176364,0.009449721995534413
59.08012699282267,-2566.4543865098526,0.014768139034087673
59.08012699282267,-1826.9369810618202,-0.0121382029608119
59.08012699282267,-1093.6896837625404,-0.011639678553879002
59.08012699282267,-364.15364551603017,-0.00751523982538839
59.08012699282267,364.15364551602863,-0.012851434934399105
59.08012699282267,1093.689683762539,0.008023354920848344
59.08012699282267,1826.9369810618202,-0.0033587670304843697
59.08012699282267,2566.4543865098526,0.01299922129733878
59.08012699282267,3314.932386176364,-0.011628348828935849
59.08012699282267,4075.255471659702,-0.008477819880502632
59.08012699282267,4850.57539401662,0.0036940165614801237
59.08012699282267,5644.400304639972,-0.0019440798348514413
59.08012699282267,6460.706643257664,-0.0011561572631666223
59.08012699282267,7304.083533942523,-0.009935309322351472
59.08012699282267,8179.924027017652,0.005791743170594541
59.08012699282267,9094.684894328619,0.0020829861605397406
59.08012699282267,10056.248874561099,-0.006092252890488113
59.08012699282267,11074.444095836221,0.0016207894741394043
59.08012699282267,12161.812404945887,-0.005916937795893089
59.08012699282267,13334.78712847382,-0.007279533184306486
59.08012699282267,14615.57581998827,0.012574404021645919
59.08012699282267,16035.326451009285,-0.02431404161795872
69.1438322412078,-19500.36812385895,0.13639178340371114
69.1438322412078,-17639.797753420946,0.06351420370156144
69.1438322412078,-16035.326451009289,0.025364065314694456
69.1438322412078,-14615.575819988273,0.029971196572269022
69.1438322412078,-13334.787128473823,0.033601158050822144
69.1438322412078,-12161.812404945887,0.008150781105178133
69.1438322412078,-11074.444095836221,-0.00016056039148292737
69.1438322412078,-10056.248874561099,-0.0033116436889236347
69.1438322412078,-9094.684894328622,0.0075932601823920556
69.1438322412078,-8179.924027017655,0.0032084542876849673
69.1438322412078,-7304.083533942523,0.005431871982542137
69.1438322412078,-6460.706643257664,-0.007329608635519897
69.1438322412078,-5644.400304639972,0.005766420827890461
69.1438322412078,-4850.575394016621,0.010327102112408879
69.1438322412078,-4075.2554716597033,0.019696060353972568
69.1438322412078,-3314.932386176364,0.003913185721291315
69.1438322412078,-2566.4543865098526,0.012504622221725398
69.1438322412078,-1826.9369810618202,-0.023464586518409415
69.1438322412078,-1093.6896837625404,-0.002909915281339494
69.1438322412078,-364.15364551603017,-0.007129191360714642
69.1438322412078,364.15364551602863,0.004765512476105785
69.1438322412078,1093.689683762539,0.00971392092256909
69.1438322412078,1826.9369810618202,-0.003273200082923749
69.1438322412078,2566.4543865098526,0.008036557533845232
69.1438322412078,3314.932386176364,0.0043417613586320585
69.1438322412078,4075.255471659702,0.0012350882935340906
69.1438322412078,4850.57539401662,0.027792486985150737
69.1438322412078,5644.400304639972,0.008133744037053539
69.1438322412078,6460.706643257664,-0.013701533723282495
69.1438322412078,7304.083533942523,0.007917793071440212
69.1438322412078,8179.924027017652,0.012741592724978037
69.1438322412078,9094.684894328619,-0.020277119746743004
69.1438322412078,10056.248874561099,-0.007934367348962424
69.1438322412078,11074.444095836221,-0.01033769657625512
69.1438322412078,12161.812404945887,-0.013279746518810047
69.1438322412078,13334.78712847382,0.003461752887559704
69.1438322412078,14615.57581998827,-0.01116786804990651
69.1438322412078,16035.326451009285,-0.007554966222870905
69.78100597422109,-19500.36812385895,0.12521719133411058
69.78100597422109,-17639.797753420946,0.03543151713041868
69.78100597422109,-16035.326451009289,0.014760461055182285
69.78100597422109,-14615.575819988273,0.021307171697718917
69.78100597422109,-13334.787128473823,0.011509134439503091
69.78100597422109,-12161.812404945887,0.01056536244314946
69.78100597422109,-11074.444095836221,0.0016463888038276608
69.78100597422109,-10056.248874561099,-0.010388471027321875
69.78100597422109,-9094.684894328622,0.0005042219818355521
69.78100597422109,-8179.924027017655,0.009639473760755374
69.78100597422109,-7304.083533942523,-0.011254714820768147
69.78100597422109,-6460.706643257664,0.00803154153826969
69.78100597422109,-5644.400304639972,0.0010057012420862574
69.78100597422109,-4850.575394016621,0.006628166677294142
69.78100597422109,-4075.2554716597033,-0.012499944088039455
69.78100597422109,-3314.932386176364,0.009265966973300137
69.78100597422109,-2566.4543865098526,-0.00237414797757888
69.78100597422109,-1826.9369810618202,-0.009293784668386734
69.78100597422109,-1093.6896837625404,0.00319732586877449
69.78100597422109,-364.15364551603017,-0.011071075828986024
69.78100597422109,364.15364551602863,0.005473249213486202
69.78100597422109,1093.689683762539,-0.01861435729489481
69.78100597422109,1826.9369810618202,-0.0023481287297829217
69.78100597422109,2566.4543865098526,-0.009903826790566839
69.78100597422109,3314.932386176364,0.006205923024977259
69.78100597422109,4075.255471659702,-0.0019628846813242117
69.78100597422109,4850.57539401662,0.004583229682145892
69.78100597422109,5644.400304639972,-0.012294217921651753
69.78100597422109,6460.706643257664,0.004615363202140598
69.78100597422109,7304.083533942523,-0.011845188738406169
69.78100597422109,8179.924027017652,-0.007276621896240831
69.78100597422109,9094.684894328619,0.0036608338490751726
69.78100597422109,10056.248874561099,0.0044582169016538775
69.78100597422109,11074.444095836221,-0.0006810449013781039
69.78100597422109,12161.812404945887,-0.007098015026183765
69.78100597422109,13334.78712847382,-0.009191940962848245
69.78100597422109,14615.57581998827,-0.001562236709720152
69.78100597422109,16035.326451009285,0.0016113601781669654
